<?xml version="1.0" encoding="UTF-8"?>
<dataroot xmlns:od="urn:schemas-microsoft-com:officedata" xmlns:xsi="http://www.w3.org/2001/XMLSchema-instance"  xsi:noNamespaceSchemaLocation="Sample039.xsd" generated="2014-04-30T08:09:56">
<T_Sample039>
<会員ID>A001</会員ID>
<氏名>大瀧 正澄</氏名>
<フリガナ>オオタキ マサスミ</フリガナ>
<性別>男性</性別>
</T_Sample039>
<T_Sample039>
<会員ID>A002</会員ID>
<氏名>田中 涼子</氏名>
<フリガナ>タナカ リョウコ</フリガナ>
<性別>女性</性別>
</T_Sample039>
<T_Sample039>
<会員ID>A003</会員ID>
<氏名>山崎 久美子</氏名>
<フリガナ>ヤマザキ クミコ</フリガナ>
<性別>女性</性別>
</T_Sample039>
<T_Sample039>
<会員ID>A004</会員ID>
<氏名>橋田 健介</氏名>
<フリガナ>ハシダ ケンスケ</フリガナ>
<性別>男性</性別>
</T_Sample039>
<T_Sample039>
<会員ID>A005</会員ID>
<氏名>水野 奈穂子</氏名>
<フリガナ>ミズノ ナオコ</フリガナ>
<性別>女性</性別>
</T_Sample039>
<T_Sample039>
<会員ID>A006</会員ID>
<氏名>松田 真澄</氏名>
<フリガナ>マツダ マスミ</フリガナ>
<性別>女性</性別>
</T_Sample039>
<T_Sample039>
<会員ID>A007</会員ID>
<氏名>牧 冴子</氏名>
<フリガナ>マキ サエコ</フリガナ>
<性別>女性</性別>
</T_Sample039>
<T_Sample039>
<会員ID>A008</会員ID>
<氏名>本間 智也</氏名>
<フリガナ>ホンマ トモヤ</フリガナ>
<性別>男性</性別>
</T_Sample039>
<T_Sample039>
<会員ID>A009</会員ID>
<氏名>千代田 光枝</氏名>
<フリガナ>チヨダ ミツエ</フリガナ>
<性別>女性</性別>
</T_Sample039>
<T_Sample039>
<会員ID>A010</会員ID>
<氏名>相川 美佳</氏名>
<フリガナ>アイカワ ミカ</フリガナ>
<性別>女性</性別>
</T_Sample039>
</dataroot>
