<?xml version="1.0"?>
<?mso-application progid="Excel.Sheet"?>
<Workbook xmlns="urn:schemas-microsoft-com:office:spreadsheet"
 xmlns:o="urn:schemas-microsoft-com:office:office"
 xmlns:x="urn:schemas-microsoft-com:office:excel"
 xmlns:ss="urn:schemas-microsoft-com:office:spreadsheet"
 xmlns:html="http://www.w3.org/TR/REC-html40">
 <DocumentProperties xmlns="urn:schemas-microsoft-com:office:office">
  <Author>VBAUser</Author>
  <LastAuthor>Windows ユーザー</LastAuthor>
  <Created>2013-06-22T01:07:36Z</Created>
  <LastSaved>2013-06-23T07:47:10Z</LastSaved>
  <Version>14.00</Version>
 </DocumentProperties>
 <OfficeDocumentSettings xmlns="urn:schemas-microsoft-com:office:office">
  <AllowPNG/>
 </OfficeDocumentSettings>
 <ExcelWorkbook xmlns="urn:schemas-microsoft-com:office:excel">
  <WindowHeight>11850</WindowHeight>
  <WindowWidth>8595</WindowWidth>
  <WindowTopX>360</WindowTopX>
  <WindowTopY>75</WindowTopY>
  <ProtectStructure>False</ProtectStructure>
  <ProtectWindows>False</ProtectWindows>
 </ExcelWorkbook>
 <Styles>
  <Style ss:ID="Default" ss:Name="Normal">
   <Alignment ss:Vertical="Center"/>
   <Borders/>
   <Font ss:FontName="ＭＳ Ｐゴシック" x:CharSet="128" x:Family="Modern" ss:Size="11"
    ss:Color="#000000"/>
   <Interior/>
   <NumberFormat/>
   <Protection/>
  </Style>
  <Style ss:ID="s62">
   <Borders>
    <Border ss:Position="Bottom" ss:LineStyle="Continuous" ss:Weight="1"/>
    <Border ss:Position="Left" ss:LineStyle="Continuous" ss:Weight="1"/>
    <Border ss:Position="Right" ss:LineStyle="Continuous" ss:Weight="1"/>
    <Border ss:Position="Top" ss:LineStyle="Continuous" ss:Weight="1"/>
   </Borders>
   <NumberFormat ss:Format="Short Date"/>
  </Style>
  <Style ss:ID="s63">
   <Alignment ss:Horizontal="Center" ss:Vertical="Center"/>
   <Borders>
    <Border ss:Position="Bottom" ss:LineStyle="Continuous" ss:Weight="1"/>
    <Border ss:Position="Left" ss:LineStyle="Continuous" ss:Weight="1"/>
    <Border ss:Position="Right" ss:LineStyle="Continuous" ss:Weight="1"/>
    <Border ss:Position="Top" ss:LineStyle="Continuous" ss:Weight="1"/>
   </Borders>
   <Font ss:FontName="ＭＳ Ｐゴシック" x:CharSet="128" x:Family="Modern" ss:Size="11"
    ss:Color="#FFFFFF" ss:Bold="1"/>
   <Interior ss:Color="#366092" ss:Pattern="Solid"/>
   <NumberFormat ss:Format="Short Date"/>
  </Style>
  <Style ss:ID="s64">
   <Alignment ss:Horizontal="Center" ss:Vertical="Center"/>
   <Borders>
    <Border ss:Position="Bottom" ss:LineStyle="Continuous" ss:Weight="1"/>
    <Border ss:Position="Left" ss:LineStyle="Continuous" ss:Weight="1"/>
    <Border ss:Position="Right" ss:LineStyle="Continuous" ss:Weight="1"/>
    <Border ss:Position="Top" ss:LineStyle="Continuous" ss:Weight="1"/>
   </Borders>
   <Font ss:FontName="ＭＳ Ｐゴシック" x:CharSet="128" x:Family="Modern" ss:Size="11"
    ss:Color="#FFFFFF" ss:Bold="1"/>
   <Interior ss:Color="#366092" ss:Pattern="Solid"/>
  </Style>
  <Style ss:ID="s65">
   <Borders>
    <Border ss:Position="Bottom" ss:LineStyle="Continuous" ss:Weight="1"/>
    <Border ss:Position="Left" ss:LineStyle="Continuous" ss:Weight="1"/>
    <Border ss:Position="Right" ss:LineStyle="Continuous" ss:Weight="1"/>
    <Border ss:Position="Top" ss:LineStyle="Continuous" ss:Weight="1"/>
   </Borders>
   <Interior ss:Color="#C5D9F1" ss:Pattern="Solid"/>
   <NumberFormat ss:Format="Short Date"/>
  </Style>
  <Style ss:ID="s66">
   <Borders>
    <Border ss:Position="Bottom" ss:LineStyle="Continuous" ss:Weight="1"/>
    <Border ss:Position="Left" ss:LineStyle="Continuous" ss:Weight="1"/>
    <Border ss:Position="Right" ss:LineStyle="Continuous" ss:Weight="1"/>
    <Border ss:Position="Top" ss:LineStyle="Continuous" ss:Weight="1"/>
   </Borders>
   <NumberFormat/>
  </Style>
  <Style ss:ID="s67">
   <NumberFormat ss:Format="Short Date"/>
  </Style>
 </Styles>
 <Worksheet ss:Name="Sheet1">
  <Table ss:ExpandedColumnCount="3" ss:ExpandedRowCount="50" x:FullColumns="1"
   x:FullRows="1" ss:DefaultColumnWidth="54" ss:DefaultRowHeight="13.5">
   <Column ss:Width="63" ss:Span="1"/>
   <Row ss:AutoFitHeight="0">
    <Cell ss:StyleID="s62"/>
    <Cell ss:StyleID="s63"><PhoneticText
      xmlns="urn:schemas-microsoft-com:office:excel">ガツ</PhoneticText><Data
      ss:Type="String">10月</Data></Cell>
    <Cell ss:StyleID="s64"><PhoneticText
      xmlns="urn:schemas-microsoft-com:office:excel">ガツ</PhoneticText><Data
      ss:Type="String">11月</Data></Cell>
   </Row>
   <Row ss:AutoFitHeight="0">
    <Cell ss:StyleID="s65"><PhoneticText
      xmlns="urn:schemas-microsoft-com:office:excel">カワサキシテン</PhoneticText><Data
      ss:Type="String">川崎支店</Data></Cell>
    <Cell ss:StyleID="s66"><Data ss:Type="Number">110</Data></Cell>
    <Cell ss:StyleID="s66"><Data ss:Type="Number">120</Data></Cell>
   </Row>
   <Row ss:AutoFitHeight="0">
    <Cell ss:StyleID="s65"><PhoneticText
      xmlns="urn:schemas-microsoft-com:office:excel">ヨコハマシテン</PhoneticText><Data
      ss:Type="String">横浜支店</Data></Cell>
    <Cell ss:StyleID="s66"><Data ss:Type="Number">100</Data></Cell>
    <Cell ss:StyleID="s66"><Data ss:Type="Number">130</Data></Cell>
   </Row>
   <Row ss:AutoFitHeight="0">
    <Cell ss:StyleID="s67"/>
    <Cell ss:StyleID="s67"/>
   </Row>
   <Row ss:AutoFitHeight="0">
    <Cell ss:StyleID="s67"/>
    <Cell ss:StyleID="s67"/>
   </Row>
   <Row ss:AutoFitHeight="0">
    <Cell ss:StyleID="s67"/>
    <Cell ss:StyleID="s67"/>
   </Row>
   <Row ss:AutoFitHeight="0">
    <Cell ss:StyleID="s67"/>
    <Cell ss:StyleID="s67"/>
   </Row>
   <Row ss:AutoFitHeight="0">
    <Cell ss:StyleID="s67"/>
    <Cell ss:StyleID="s67"/>
   </Row>
   <Row ss:AutoFitHeight="0">
    <Cell ss:StyleID="s67"/>
    <Cell ss:StyleID="s67"/>
   </Row>
   <Row ss:AutoFitHeight="0">
    <Cell ss:StyleID="s67"/>
    <Cell ss:StyleID="s67"/>
   </Row>
   <Row ss:AutoFitHeight="0">
    <Cell ss:StyleID="s67"/>
    <Cell ss:StyleID="s67"/>
   </Row>
   <Row ss:AutoFitHeight="0">
    <Cell ss:StyleID="s67"/>
    <Cell ss:StyleID="s67"/>
   </Row>
   <Row ss:AutoFitHeight="0">
    <Cell ss:StyleID="s67"/>
    <Cell ss:StyleID="s67"/>
   </Row>
   <Row ss:AutoFitHeight="0">
    <Cell ss:StyleID="s67"/>
    <Cell ss:StyleID="s67"/>
   </Row>
   <Row ss:AutoFitHeight="0">
    <Cell ss:StyleID="s67"/>
    <Cell ss:StyleID="s67"/>
   </Row>
   <Row ss:AutoFitHeight="0">
    <Cell ss:StyleID="s67"/>
    <Cell ss:StyleID="s67"/>
   </Row>
   <Row ss:AutoFitHeight="0">
    <Cell ss:StyleID="s67"/>
    <Cell ss:StyleID="s67"/>
   </Row>
   <Row ss:AutoFitHeight="0">
    <Cell ss:StyleID="s67"/>
    <Cell ss:StyleID="s67"/>
   </Row>
   <Row ss:AutoFitHeight="0">
    <Cell ss:StyleID="s67"/>
    <Cell ss:StyleID="s67"/>
   </Row>
   <Row ss:AutoFitHeight="0">
    <Cell ss:StyleID="s67"/>
    <Cell ss:StyleID="s67"/>
   </Row>
   <Row ss:AutoFitHeight="0">
    <Cell ss:StyleID="s67"/>
    <Cell ss:StyleID="s67"/>
   </Row>
   <Row ss:AutoFitHeight="0">
    <Cell ss:StyleID="s67"/>
    <Cell ss:StyleID="s67"/>
   </Row>
   <Row ss:AutoFitHeight="0">
    <Cell ss:StyleID="s67"/>
    <Cell ss:StyleID="s67"/>
   </Row>
   <Row ss:AutoFitHeight="0">
    <Cell ss:StyleID="s67"/>
    <Cell ss:StyleID="s67"/>
   </Row>
   <Row ss:AutoFitHeight="0">
    <Cell ss:StyleID="s67"/>
    <Cell ss:StyleID="s67"/>
   </Row>
   <Row ss:AutoFitHeight="0">
    <Cell ss:StyleID="s67"/>
    <Cell ss:StyleID="s67"/>
   </Row>
   <Row ss:AutoFitHeight="0">
    <Cell ss:StyleID="s67"/>
    <Cell ss:StyleID="s67"/>
   </Row>
   <Row ss:AutoFitHeight="0">
    <Cell ss:StyleID="s67"/>
    <Cell ss:StyleID="s67"/>
   </Row>
   <Row ss:AutoFitHeight="0">
    <Cell ss:StyleID="s67"/>
    <Cell ss:StyleID="s67"/>
   </Row>
   <Row ss:AutoFitHeight="0">
    <Cell ss:StyleID="s67"/>
    <Cell ss:StyleID="s67"/>
   </Row>
   <Row ss:AutoFitHeight="0">
    <Cell ss:StyleID="s67"/>
    <Cell ss:StyleID="s67"/>
   </Row>
   <Row ss:AutoFitHeight="0">
    <Cell ss:StyleID="s67"/>
    <Cell ss:StyleID="s67"/>
   </Row>
   <Row ss:AutoFitHeight="0">
    <Cell ss:StyleID="s67"/>
    <Cell ss:StyleID="s67"/>
   </Row>
   <Row ss:AutoFitHeight="0">
    <Cell ss:StyleID="s67"/>
    <Cell ss:StyleID="s67"/>
   </Row>
   <Row ss:AutoFitHeight="0">
    <Cell ss:StyleID="s67"/>
    <Cell ss:StyleID="s67"/>
   </Row>
   <Row ss:AutoFitHeight="0">
    <Cell ss:StyleID="s67"/>
    <Cell ss:StyleID="s67"/>
   </Row>
   <Row ss:AutoFitHeight="0">
    <Cell ss:StyleID="s67"/>
    <Cell ss:StyleID="s67"/>
   </Row>
   <Row ss:AutoFitHeight="0">
    <Cell ss:StyleID="s67"/>
    <Cell ss:StyleID="s67"/>
   </Row>
   <Row ss:AutoFitHeight="0">
    <Cell ss:StyleID="s67"/>
    <Cell ss:StyleID="s67"/>
   </Row>
   <Row ss:AutoFitHeight="0">
    <Cell ss:StyleID="s67"/>
    <Cell ss:StyleID="s67"/>
   </Row>
   <Row ss:AutoFitHeight="0">
    <Cell ss:StyleID="s67"/>
    <Cell ss:StyleID="s67"/>
   </Row>
   <Row ss:AutoFitHeight="0">
    <Cell ss:StyleID="s67"/>
    <Cell ss:StyleID="s67"/>
   </Row>
   <Row ss:AutoFitHeight="0">
    <Cell ss:StyleID="s67"/>
    <Cell ss:StyleID="s67"/>
   </Row>
   <Row ss:AutoFitHeight="0">
    <Cell ss:StyleID="s67"/>
    <Cell ss:StyleID="s67"/>
   </Row>
   <Row ss:AutoFitHeight="0">
    <Cell ss:StyleID="s67"/>
    <Cell ss:StyleID="s67"/>
   </Row>
   <Row ss:AutoFitHeight="0">
    <Cell ss:StyleID="s67"/>
    <Cell ss:StyleID="s67"/>
   </Row>
   <Row ss:AutoFitHeight="0">
    <Cell ss:StyleID="s67"/>
    <Cell ss:StyleID="s67"/>
   </Row>
   <Row ss:AutoFitHeight="0">
    <Cell ss:StyleID="s67"/>
    <Cell ss:StyleID="s67"/>
   </Row>
   <Row ss:AutoFitHeight="0">
    <Cell ss:StyleID="s67"/>
    <Cell ss:StyleID="s67"/>
   </Row>
   <Row ss:AutoFitHeight="0">
    <Cell ss:StyleID="s67"/>
    <Cell ss:StyleID="s67"/>
   </Row>
  </Table>
  <WorksheetOptions xmlns="urn:schemas-microsoft-com:office:excel">
   <PageSetup>
    <Header x:Margin="0.3"/>
    <Footer x:Margin="0.3"/>
    <PageMargins x:Bottom="0.75" x:Left="0.7" x:Right="0.7" x:Top="0.75"/>
   </PageSetup>
   <Unsynced/>
   <Selected/>
   <Panes>
    <Pane>
     <Number>3</Number>
     <ActiveRow>27</ActiveRow>
     <ActiveCol>3</ActiveCol>
    </Pane>
   </Panes>
   <ProtectObjects>False</ProtectObjects>
   <ProtectScenarios>False</ProtectScenarios>
  </WorksheetOptions>
 </Worksheet>
</Workbook>
